ID,Title,Content,Excerpt,Date,"Post Type",Permalink,"Image URL","Image Title","Image Caption","Image Description","Image Alt Text","Attachment URL",Status,Author,Slug,Format,Template,Parent,"Parent Slug",Order,"Comment Status","Ping Status","Post Modified Date"
443,"Request A Sample","[et_pb_section admin_label=""section""][et_pb_row admin_label=""row"" make_fullwidth=""on"" use_custom_width=""off"" width_unit=""on"" use_custom_gutter=""off"" padding_mobile=""off"" allow_player_pause=""off"" parallax=""off"" parallax_method=""off"" make_equal=""off"" parallax_1=""off"" parallax_method_1=""off"" column_padding_mobile=""on""][et_pb_column type=""4_4""][et_pb_text admin_label=""Text"" background_layout=""light"" text_orientation=""left"" use_border_color=""off"" border_color=""#ffffff"" border_style=""solid""]

Ever been curious about Essential oils, but not sure where to start? Fill out our sample request form to get a free sample and consulation from our team.<!--more-->

[/et_pb_text][et_pb_text admin_label=""Form"" background_layout=""light"" text_orientation=""left"" use_border_color=""off"" border_color=""#ffffff"" border_style=""solid""] [gravityform id=""2"" title=""true"" description=""true""] [/et_pb_text][/et_pb_column][/et_pb_row][/et_pb_section]","Interested in experiencing the benefits of essential oils, but want to ""try before you buy""? Fill out the ""request a sample"" form and I will send you some oil samples so that you can experience them for yourself. ",20160716,page,http://theoilydoc.com/request-a-sample/,http://theoilydoc.com/wp-content/uploads/2016/08/essential-oils-1433694_1280.jpg,essential-oils-1433694_1280,,,,,publish,2,request-a-sample,,page-full.php,0,0,0,closed,closed,20170510
466,"Calendars And Events","[et_pb_section admin_label=""section""][et_pb_row admin_label=""row""][et_pb_column type=""4_4""][et_pb_blog admin_label=""Newsletter Top post"" fullwidth=""on"" posts_number=""1"" include_categories=""38"" show_thumbnail=""on"" show_content=""off"" show_more=""on"" show_author=""on"" show_date=""on"" show_categories=""on"" show_comments=""on"" show_pagination=""on"" offset_number=""0"" use_overlay=""off"" background_layout=""light"" use_dropshadow=""off"" use_border_color=""off"" border_color=""#ffffff"" border_style=""solid"" /][et_pb_blog admin_label=""Blog"" fullwidth=""on"" include_categories=""26"" show_thumbnail=""on"" show_content=""off"" show_more=""on"" show_author=""on"" show_date=""on"" show_categories=""on"" show_comments=""on"" show_pagination=""on"" offset_number=""0"" use_overlay=""on"" background_layout=""light"" use_dropshadow=""off"" use_border_color=""off"" border_color=""#ffffff"" border_style=""solid"" posts_number=""2""] [/et_pb_blog][/et_pb_column][/et_pb_row][et_pb_row admin_label=""Row""][et_pb_column type=""4_4""][et_pb_post_nav admin_label=""Post Navigation"" in_same_term=""on"" hide_prev=""off"" hide_next=""off"" use_border_color=""off"" border_color=""#ffffff"" border_style=""solid""] [/et_pb_post_nav][/et_pb_column][/et_pb_row][/et_pb_section]","View the calendars for the upcoming events for Doterra and our team.",20160721,page,http://theoilydoc.com/calendars/,http://theoilydoc.com/wp-content/uploads/2016/07/flower-729512_1280-ConvertImage-e1471040816199.jpg|http://theoilydoc.com/wp-content/uploads/2016/07/office-620817_640.jpg,flower-729512_1280-ConvertImage|office-620817_640,|,|,|,,publish,2,calendars,,default,0,0,0,closed,closed,20161003
467,Blog,"[et_pb_section admin_label=""section""][et_pb_row admin_label=""row""][et_pb_column type=""4_4""][et_pb_blog admin_label=""Blog"" fullwidth=""on"" include_categories=""33"" show_thumbnail=""on"" show_content=""off"" show_more=""on"" show_author=""on"" show_date=""on"" show_categories=""on"" show_comments=""on"" show_pagination=""on"" offset_number=""0"" use_overlay=""on"" background_layout=""light"" use_dropshadow=""off"" use_border_color=""off"" border_color=""#ffffff"" border_style=""solid""] [/et_pb_blog][/et_pb_column][/et_pb_row][/et_pb_section]","This is a list of all the latest video blog posts",20160721,page,http://theoilydoc.com/video-blog/,http://theoilydoc.com/wp-content/uploads/2016/08/tracey.jpg,tracey,,,,,publish,2,video-blog,,default,0,0,0,closed,closed,20160903
951,Recipes,"[et_pb_section admin_label=""section""][et_pb_row admin_label=""row""][et_pb_column type=""4_4""][et_pb_blog admin_label=""Blog"" fullwidth=""on"" include_categories=""27"" show_thumbnail=""on"" show_content=""off"" show_more=""off"" show_author=""on"" show_date=""on"" show_categories=""on"" show_comments=""on"" show_pagination=""on"" offset_number=""0"" use_overlay=""off"" background_layout=""light"" use_dropshadow=""off"" use_border_color=""off"" border_color=""#ffffff"" border_style=""solid"" posts_number=""5""] [/et_pb_blog][/et_pb_column][/et_pb_row][/et_pb_section]",,20160812,page,http://theoilydoc.com/recipes/,http://theoilydoc.com/wp-content/uploads/2016/08/recipes-1.jpg,recipes-1,,,,,publish,2,recipes,,page-full.php,0,0,0,closed,closed,20170101
965,Specials,"[et_pb_section admin_label=""section""][et_pb_row admin_label=""row""][et_pb_column type=""4_4""][et_pb_image admin_label=""Image"" src=""http://theoilydoc.com/wp-content/uploads/2017/08/20431411_10155359762681206_5926424504336707297_n.jpg"" show_in_lightbox=""off"" url_new_window=""off"" use_overlay=""off"" animation=""left"" sticky=""off"" align=""left"" force_fullwidth=""on"" always_center_on_mobile=""on"" use_border_color=""off"" border_color=""#ffffff"" border_style=""solid"" url=""www.mydoterra.com/ths""] [/et_pb_image][et_pb_text admin_label=""Text"" background_layout=""light"" text_orientation=""left"" use_border_color=""off"" border_color=""#ffffff"" border_style=""solid""]
<h2>Place a 100 PV new wholesale customer order in August, place a 100PV LRP order in September, and receive a FREE LLV supplement pack. This includes a whole food multi vitamin, an Omega 3 fish oil, AND a whole food antioxidant.</h2>
[/et_pb_text][et_pb_image admin_label=""Image"" src=""http://theoilydoc.com/wp-content/uploads/2017/08/20476053_1368231466605757_4111816849974220345_n.jpg"" show_in_lightbox=""off"" url_new_window=""off"" use_overlay=""off"" animation=""left"" sticky=""off"" align=""left"" force_fullwidth=""on"" always_center_on_mobile=""on"" use_border_color=""off"" border_color=""#ffffff"" border_style=""solid"" url=""www.mydoterra.com/ths""] [/et_pb_image][et_pb_text admin_label=""Text"" background_layout=""light"" text_orientation=""left"" use_border_color=""off"" border_color=""#ffffff"" border_style=""solid""]
<h2>Place a 125PV LRP order by August 15th, and receive a FREE 15mL bottle of Lime Essential Oil.</h2>
[/et_pb_text][et_pb_image admin_label=""Image"" src=""http://theoilydoc.com/wp-content/uploads/2017/08/20479756_1368231433272427_8156537280137636890_n.jpg"" show_in_lightbox=""off"" url_new_window=""off"" use_overlay=""off"" animation=""left"" sticky=""off"" align=""left"" force_fullwidth=""on"" always_center_on_mobile=""on"" use_border_color=""off"" border_color=""#ffffff"" border_style=""solid"" url=""www.mydoterra.com/ths""] [/et_pb_image][et_pb_text admin_label=""Text"" background_layout=""light"" text_orientation=""left"" use_border_color=""off"" border_color=""#ffffff"" border_style=""solid""]
<h2>Kids Supplement, A2Z chewable, and Probiotic, PB Assist Jr., are both on sale for 10% off during the month of August.</h2>
[/et_pb_text][/et_pb_column][/et_pb_row][et_pb_row admin_label=""Row""][et_pb_column type=""4_4""][/et_pb_column][/et_pb_row][/et_pb_section]",,20160812,page,http://theoilydoc.com/specials/,https://s3.amazonaws.com/oilydocpodcast/wp-content/uploads/2016/08/02113546/20431352_10159052959270612_888959899695658655_n.jpg|https://s3.amazonaws.com/oilydocpodcast/wp-content/uploads/2016/08/02163000/immortelle.png|http://theoilydoc.com/wp-content/uploads/2016/08/14567992_10154565555886624_7770246546746288271_n.jpg|http://theoilydoc.com/wp-content/uploads/2016/08/october-special.png|http://theoilydoc.com/wp-content/uploads/2016/08/fall-promo.png|http://theoilydoc.com/wp-content/uploads/2016/08/13879436_10154490830359314_148465842447324769_n.jpg|http://theoilydoc.com/wp-content/uploads/2016/08/14001754_10103720732583898_1670503199_o.jpg|http://theoilydoc.com/wp-content/uploads/2016/08/14030883_10208352757509959_1572765272_n.jpg,20431352_10159052959270612_888959899695658655_n|immortelle|14567992_10154565555886624_7770246546746288271_n|october-special|fall-promo|13879436_10154490830359314_148465842447324769_n|14001754_10103720732583898_1670503199_o|14030883_10208352757509959_1572765272_n,|||||||,|||||||,|||||||,,publish,2,specials,,page-full.php,0,0,0,closed,closed,20170802
970,"Members Home","[et_pb_section admin_label=""section""][et_pb_row admin_label=""row"" make_fullwidth=""on"" use_custom_width=""off"" width_unit=""on"" use_custom_gutter=""off"" padding_mobile=""off"" allow_player_pause=""off"" parallax=""off"" parallax_method=""off"" make_equal=""off"" parallax_1=""off"" parallax_method_1=""off"" column_padding_mobile=""on"" disabled=""off"" disabled_on=""on||""][et_pb_column type=""4_4""][et_pb_post_slider admin_label=""Post Slider"" posts_number=""2"" include_categories=""36,26,37,27,35"" orderby=""date_desc"" show_arrows=""on"" show_pagination=""on"" show_more_button=""on"" content_source=""off"" use_manual_excerpt=""on"" show_meta=""on"" background_layout=""light"" show_image=""on"" image_placement=""background"" parallax=""off"" parallax_method=""off"" use_bg_overlay=""off"" use_text_overlay=""on"" remove_inner_shadow=""off"" background_position=""default"" background_size=""default"" auto=""on"" auto_ignore_hover=""off"" hide_content_on_mobile=""off"" hide_cta_on_mobile=""off"" show_image_video_mobile=""off"" meta_letter_spacing=""0"" custom_button=""off"" button_letter_spacing=""0"" button_use_icon=""default"" button_icon_placement=""right"" button_on_hover=""on"" button_letter_spacing_hover=""0"" background_color=""#59963b"" auto_speed=""5000"" background_image=""http://theoilydoc.wpengine.com/wp-content/uploads/2016/08/oil-1205635_1280.jpg""] [/et_pb_post_slider][/et_pb_column][/et_pb_row][et_pb_row admin_label=""Row""][et_pb_column type=""4_4""][et_pb_text admin_label=""Text"" background_layout=""light"" text_orientation=""left"" use_border_color=""off"" border_color=""#ffffff"" border_style=""solid"" disabled=""off"" disabled_on=""on||""]

Welcome to our exclusive members section of our site. Check out the featured blog posts above, or visit one of the sections listed below, or search through the files directory at the bottom of the page.

[/et_pb_text][/et_pb_column][/et_pb_row][et_pb_row admin_label=""Row"" make_fullwidth=""off"" use_custom_width=""off"" width_unit=""on"" use_custom_gutter=""off"" padding_mobile=""off"" disabled=""off"" disabled_on=""on||"" allow_player_pause=""off"" parallax=""off"" parallax_method=""off"" make_equal=""off"" parallax_1=""off"" parallax_method_1=""off"" parallax_2=""off"" parallax_method_2=""off"" parallax_3=""off"" parallax_method_3=""off"" parallax_4=""off"" parallax_method_4=""off"" column_padding_mobile=""on""][et_pb_column type=""1_4""][et_pb_text admin_label=""Text"" background_layout=""light"" text_orientation=""left"" use_border_color=""off"" border_color=""#ffffff"" border_style=""solid""]
<h2 style=""text-align: center;""><a href=""/categories/science-of"">Science Of</a></h2>
[/et_pb_text][et_pb_blog admin_label=""Blog"" fullwidth=""off"" include_categories=""35"" show_thumbnail=""on"" show_content=""off"" show_more=""off"" show_author=""on"" show_date=""on"" show_categories=""on"" show_comments=""on"" show_pagination=""on"" offset_number=""0"" use_overlay=""off"" background_layout=""light"" use_dropshadow=""off"" use_border_color=""on"" border_color=""#ffffff"" border_style=""solid"" posts_number=""4""] [/et_pb_blog][/et_pb_column][et_pb_column type=""1_4""][et_pb_text admin_label=""Text"" background_layout=""light"" text_orientation=""left"" use_border_color=""off"" border_color=""#ffffff"" border_style=""solid""]
<h2 style=""text-align: center;""><a href=""/category/recipes"">Recipes</a></h2>
[/et_pb_text][et_pb_blog admin_label=""Blog"" fullwidth=""off"" include_categories=""27"" show_thumbnail=""on"" show_content=""off"" show_more=""on"" show_author=""on"" show_date=""on"" show_categories=""on"" show_comments=""on"" show_pagination=""on"" offset_number=""0"" use_overlay=""off"" background_layout=""light"" use_dropshadow=""off"" use_border_color=""on"" border_color=""#ffffff"" border_style=""solid"" posts_number=""4""] [/et_pb_blog][/et_pb_column][et_pb_column type=""1_4""][et_pb_text admin_label=""Text"" background_layout=""light"" text_orientation=""left"" use_border_color=""off"" border_color=""#ffffff"" border_style=""solid""]
<h2 style=""text-align: center;""><a href=""/category/business-training/"">Business Training</a></h2>
[/et_pb_text][et_pb_blog admin_label=""Blog"" fullwidth=""off"" include_categories=""36"" show_thumbnail=""on"" show_content=""off"" show_more=""on"" show_author=""on"" show_date=""on"" show_categories=""on"" show_comments=""on"" show_pagination=""on"" offset_number=""0"" use_overlay=""off"" background_layout=""light"" use_dropshadow=""off"" use_border_color=""on"" border_color=""#ffffff"" border_style=""solid"" posts_number=""4""] [/et_pb_blog][/et_pb_column][et_pb_column type=""1_4""][et_pb_text admin_label=""Text"" background_layout=""light"" text_orientation=""left"" use_border_color=""off"" border_color=""#ffffff"" border_style=""solid""]
<h2 style=""text-align: center;""><a href=""http://theoilydoc.wpengine.com/calendars/"">Calendar</a></h2>
[/et_pb_text][et_pb_blog admin_label=""Blog"" fullwidth=""on"" posts_number=""4"" include_categories=""26"" show_thumbnail=""on"" show_content=""off"" show_more=""off"" show_author=""on"" show_date=""on"" show_categories=""on"" show_comments=""on"" show_pagination=""on"" offset_number=""0"" use_overlay=""off"" background_layout=""light"" use_dropshadow=""off"" use_border_color=""off"" border_color=""#ffffff"" border_style=""solid""] [/et_pb_blog][/et_pb_column][/et_pb_row][et_pb_row admin_label=""Row"" make_fullwidth=""off"" use_custom_width=""off"" width_unit=""on"" use_custom_gutter=""off"" padding_mobile=""off"" disabled=""off"" disabled_on=""on||"" allow_player_pause=""off"" parallax=""off"" parallax_method=""off"" make_equal=""off"" parallax_1=""off"" parallax_method_1=""off"" column_padding_mobile=""on""][et_pb_column type=""4_4""][et_pb_text admin_label=""Text"" background_layout=""light"" text_orientation=""left"" use_border_color=""off"" border_color=""#ffffff"" border_style=""solid""]
<h2 style=""text-align: center;""><a href=""/category/files"">Files</a></h2>
[/et_pb_text][et_pb_blog admin_label=""Blog"" fullwidth=""on"" include_categories=""37"" show_thumbnail=""on"" show_content=""off"" show_more=""off"" show_author=""on"" show_date=""on"" show_categories=""on"" show_comments=""on"" show_pagination=""on"" offset_number=""0"" use_overlay=""off"" background_layout=""light"" use_dropshadow=""off"" use_border_color=""off"" border_color=""#ffffff"" border_style=""solid""] [/et_pb_blog][/et_pb_column][/et_pb_row][et_pb_row admin_label=""Row""][et_pb_column type=""4_4""][et_pb_text admin_label=""Text"" background_layout=""light"" text_orientation=""left"" disabled=""off"" disabled_on=""|on|on"" use_border_color=""off"" border_color=""#ffffff"" border_style=""solid""]

Welcome to our exclusive members section of our site. Links to the different member resources are provided below.

[/et_pb_text][et_pb_button admin_label=""Button"" button_url=""http://theoilydoc.com/category/business-training/"" url_new_window=""off"" button_text=""Business Training"" button_alignment=""center"" background_layout=""light"" custom_button=""off"" button_letter_spacing=""0"" button_use_icon=""default"" button_icon_placement=""right"" button_on_hover=""on"" button_letter_spacing_hover=""0"" disabled=""off"" disabled_on=""|on|on""] [/et_pb_button][et_pb_button admin_label=""Button"" button_url=""http://theoilydoc.com/categories/science-of"" url_new_window=""off"" button_text=""Science Of"" button_alignment=""center"" background_layout=""light"" custom_button=""off"" button_letter_spacing=""0"" button_use_icon=""default"" button_icon_placement=""right"" button_on_hover=""on"" button_letter_spacing_hover=""0"" disabled=""off"" disabled_on=""|on|on""] [/et_pb_button][et_pb_button admin_label=""Button"" button_url=""http://theoilydoc.wpengine.com/calendars/"" url_new_window=""off"" button_text=""Calendar"" button_alignment=""center"" background_layout=""light"" custom_button=""off"" button_letter_spacing=""0"" button_use_icon=""default"" button_icon_placement=""right"" button_on_hover=""on"" button_letter_spacing_hover=""0"" disabled=""off"" disabled_on=""|on|on""] [/et_pb_button][et_pb_button admin_label=""Button"" button_url=""http://theoilydoc.com/category/recipes"" url_new_window=""off"" button_text=""Recipes"" button_alignment=""center"" background_layout=""light"" custom_button=""off"" button_letter_spacing=""0"" button_use_icon=""default"" button_icon_placement=""right"" button_on_hover=""on"" button_letter_spacing_hover=""0"" disabled=""off"" disabled_on=""|on|on""] [/et_pb_button][et_pb_button admin_label=""Button"" button_url=""http://theoilydoc.com/category/files"" url_new_window=""off"" button_text=""Files"" button_alignment=""center"" background_layout=""light"" custom_button=""off"" button_letter_spacing=""0"" button_use_icon=""default"" button_icon_placement=""right"" button_on_hover=""on"" button_letter_spacing_hover=""0"" disabled=""off"" disabled_on=""|on|on""] [/et_pb_button][/et_pb_column][/et_pb_row][/et_pb_section]",,20160815,page,http://theoilydoc.com/members-home/,http://theoilydoc.com/wp-content/uploads/2016/08/oil-1205635_1280.jpg,oil-1205635_1280,,,,,publish,2,members-home,,page-full.php,0,0,0,closed,closed,20170602
1072,"Membership List","[ms-note type=""info""]We have the following subscriptions available for our site. You can renew, cancel or upgrade your subscriptions by using the forms below.[/ms-note]
[ms-membership-signup]",,20160815,page,http://theoilydoc.com/memberships/,,,,,,,publish,2,memberships,,,0,0,0,closed,closed,20160815
1073,"Membership Benefits","[et_pb_section admin_label=""section""][et_pb_row admin_label=""row""][et_pb_column type=""2_3""][et_pb_text admin_label=""Text"" background_layout=""light"" text_orientation=""left"" use_border_color=""off"" border_color=""#ffffff"" border_style=""solid"" disabled=""off"" disabled_on=""on||""]
<h1 style=""text-align: center;"">Membership Benefits</h1>
Mission:

Our mission is to:
Educate individuals and families on the origin of health and what true health looks like.
Empower others to take control of their health using natural solutions.

Our team puts a great deal of emphasis on education about the many uses of essential oils, their proper use, and the science behind how they work. We hold meetings via webinars and in person on a regular basis to encourage empowerment through education. This high level of education is one of the many benefits of being a part of our team.
We also provide opportunities to learn about personal development and business building, if that is something you are interested in taking advantage of.
This website provides our team members with an additional avenue to learn and become empowered. You will have access to in-depth science and chemistry, trainings, PowerPoints on various topics, and more.

&nbsp;

If you are interested about learning more about joining our doTERRA team, please contact us and we will help you get started on your essential oil journey! Also, feel free to visit our doTERRA website at <a href=""http://www.mydoterra.com/ths"" target=""_blank"" rel=""nofollow"">www.mydoterra.com/ths</a>

[/et_pb_text][/et_pb_column][et_pb_column type=""1_3""][et_pb_text admin_label=""Text"" background_layout=""light"" text_orientation=""left"" use_border_color=""off"" border_color=""#ffffff"" border_style=""solid""]

<code>[ms-membership-login label_username=""Wellness Advocate ID"" redirect_login=""/members-home/""]</code>

[/et_pb_text][/et_pb_column][/et_pb_row][/et_pb_section]",,20160815,page,http://theoilydoc.com/membership-benefits/,http://theoilydoc.com/wp-content/uploads/2016/08/hyacinth-1398839_1280.jpg|http://theoilydoc.com/wp-content/uploads/2016/08/sprout-1136131_1280.jpg,hyacinth-1398839_1280|sprout-1136131_1280,|,|,|,,publish,2,membership-benefits,,page-full.php,0,0,0,closed,closed,20160819
1075,"Thank-You Page","[ms-note type=""info""]Your request to join the membership was successfull.
We will be in touch very soon to with a welcome note and help you learn how to best use the site![/ms-note]
[ms-membership-account-link]",,20160815,page,http://theoilydoc.com/registration-complete/,,,,,,,publish,2,registration-complete,,page-full.php,0,0,0,closed,closed,20160818
1076,Account,"[et_pb_section admin_label=""section""][et_pb_row admin_label=""row""][et_pb_column type=""4_4""][et_pb_text admin_label=""Text"" background_layout=""light"" text_orientation=""left"" use_border_color=""off"" border_color=""#ffffff"" border_style=""solid""]

[ms-membership-account show_membership=""no"" show_invoices=""no"" show_activity=""no"" label_username=""Wellness Advocate ID""]

<hr />

[ms-membership-logout]

[/et_pb_text][/et_pb_column][/et_pb_row][/et_pb_section]",,20160815,page,http://theoilydoc.com/account/,,,,,,,publish,2,account,,default,0,0,0,closed,closed,20160818
1079,Registration,"[et_pb_section admin_label=""section""][et_pb_row admin_label=""row""][et_pb_column type=""4_4""][et_pb_text admin_label=""Text"" background_layout=""light"" text_orientation=""left"" use_border_color=""off"" border_color=""#ffffff"" border_style=""solid""]

If you are already a member of Jordan and Tracey's Doterra© team, fill out the form below to sign up for special access to member only features on this site, and they will approve you.

If you are interested in learning about the Doterra© business opportunity, click <a href=""http://mydoterra.com/ths"">here</a>

<hr />

[ms-membership-register-user membership_id=""1078"" label_username=""Wellness Advocate ID""]

[/et_pb_text][/et_pb_column][/et_pb_row][/et_pb_section]",,20160815,page,http://theoilydoc.com/register/,http://theoilydoc.com/wp-content/uploads/2016/08/hyacinth-1398839_1280.jpg,hyacinth-1398839_1280,,,,,publish,2,register,,page-full.php,0,0,0,closed,closed,20160818
1134,Favorites,"<h4>[user_favorites include_links=""true"" site_id="""" post_types="""" include_buttons=""false""]</h4>",,20160819,page,http://theoilydoc.com/favorites/,,,,,,,publish,2,favorites,,default,0,0,0,closed,closed,20160819
1139,About,"[et_pb_section admin_label=""section""][et_pb_row admin_label=""row""][et_pb_column type=""4_4""][et_pb_text admin_label=""Text"" background_layout=""light"" text_orientation=""left"" use_border_color=""off"" border_color=""#ffffff"" border_style=""solid""]
<h1 style=""text-align: center;"">About The Oily Doc</h1>
The Oily Doc is a husband-and-wife team. Jordan is a licensed clinical pharmacist who provides the team with the majority of training on the science and chemistry of essential oils. Tracey is a practicing chiropractor in High Point, North Carolina. Tracey is extremely knowledgable in natural and alternative health care and provides the team with the majority of the practical application and usage training.

Drs. Jordan and Tracey Smith have been doTERRA wellness advocates since 2013, when they were introduced to the oils by one of Tracey’s practice members. Tracey immediately saw the superiority of doTERRA brand essential oils. Shortly after beginning to use the oils, she fell in love with the philosophy of the company and the business opportunity that it provided.

&nbsp;

<a href=""https://www.facebook.com/theoilydoc""><img class=""alignnone wp-image-1140"" src=""http://theoilydoc.wpengine.com/wp-content/uploads/2016/08/facebook.png"" alt=""facebook"" width=""20"" height=""20"" /></a><a href=""https://www.facebook.com/theoilydoc"">Connect with us on facebook</a>

[/et_pb_text][et_pb_video admin_label=""Video"" src=""https://www.youtube.com/watch?v=Jbiu-Duwo2k""] [/et_pb_video][et_pb_text admin_label=""Text"" background_layout=""light"" text_orientation=""left"" use_border_color=""off"" border_color=""#ffffff"" border_style=""solid""]
<h3>Curious how doTERRA is different from other Essential Oil companies? Co-Impact Sourcing is just one of the many commitments that doTERRA has made to setting their company apart from the rest.</h3>
[/et_pb_text][et_pb_video admin_label=""Video"" src=""https://www.youtube.com/watch?v=CL3GpEPk7hg""] [/et_pb_video][et_pb_text admin_label=""Text"" background_layout=""light"" text_orientation=""left"" use_border_color=""off"" border_color=""#ffffff"" border_style=""solid""]
<h4>The doTERRA Healing Hands Foundation™ is doTERRA’s non-profit organization committed to improving lives through partnering with organizations that offer hope to millions around the world. Healing Hands seeks to bring healing and hope to the world, help those live lives free of disease and poverty, and to ultimately empower impoverished communities with the tools needed to become self-reliant. doTERRA covers for all overhead and administrative costs of the doTERRA Healing Hands Foundation, ensuring that 100% of all donations go directly to those receiving aid.</h4>
[/et_pb_text][/et_pb_column][/et_pb_row][/et_pb_section]",,20160819,page,http://theoilydoc.com/about/,http://theoilydoc.com/wp-content/uploads/2016/08/Smith-June-2016-49.jpg|http://theoilydoc.com/wp-content/uploads/2016/08/about_background_oilyDoc.jpg|http://theoilydoc.com/wp-content/uploads/2016/08/facebook.png,"Smith June 2016-49|about_background_oilyDoc|facebook",||,||,||,,publish,2,about,,page-full.php,0,0,0,closed,closed,20170511
1151,"Site Management Help","<h2>Overview</h2>
<strong>Post VS Page - </strong>There are two main types of pages in wordpress. <strong>Posts</strong> are meant for content that is temporary in nature, or is one of many of a given type. In the case of this site, a calendar event, or a ""Science of"" blog post is an example of a post.  <strong>Pages</strong> are for items that are either one of a kind or will be in place for a longer amount of time. Examples of a page in your site are ""Request A Sample"", ""Membership benefits"" or the ""About us"" page.

<strong>Create A Post - </strong>To create a post, login to the wordpress Admin (<a href=""http://theoilydoc.com/wp-admin"">http://theoilydoc.com/wp-admin</a>), and in the left sidebar click ""Posts"", and then click ""Add New"".  You need to give your post a unique title, and then enter the content in the editor area below. If a post should only be able to be seen by team members,  click the ""Enable Protection"" toggle in the top right hand part of the page. Posts need to be assigned to categories as well. This is what will make sure a calendar post shows up in the calendar section of the site, as opposed to the recipe section for example.",,-00011130,page,http://theoilydoc.com/?page_id=1151,,,,,,,draft,2,,,default,0,0,0,closed,closed,20160831
1239,Newsletter,"[et_pb_section bb_built=""1"" admin_label=""section""][et_pb_row admin_label=""row"" background_position=""top_left"" background_repeat=""repeat"" background_size=""initial""][et_pb_column type=""4_4""][et_pb_blog fullwidth=""on"" show_thumbnail=""on"" show_content=""on"" show_more=""off"" show_author=""on"" show_date=""on"" show_categories=""on"" show_comments=""on"" show_pagination=""on"" offset_number=""0"" use_overlay=""off"" background_layout=""light"" use_dropshadow=""off"" border_style=""solid"" include_categories=""38"" posts_number=""2"" _builder_version=""3.0.67"" /][/et_pb_column][/et_pb_row][/et_pb_section]","Want to find out ""What's Going On""? The monthly newsletter is the perfect place to start. Find out about the latest specials, highlighted recipe, upcoming class and much more... all in one, easy to read, location. ",20160903,page,http://theoilydoc.com/monthly-newsletter/,https://s3.amazonaws.com/oilydocpodcast/wp-content/uploads/2017/08/30095556/september_072.jpg|http://theoilydoc.com/wp-content/uploads/2016/09/Hello-February-Quotes-Images-Pictures-to-Welcome-the-Month-of-Love-1.jpg|http://theoilydoc.com/wp-content/uploads/2016/09/14218161_10103776014428638_168939937_n.jpg,september_072|Hello-February-Quotes-Images-Pictures-to-Welcome-the-Month-of-Love-1|14218161_10103776014428638_168939937_n,||,||,||,,publish,2,monthly-newsletter,,page-full.php,0,0,0,closed,closed,20170901
1632,"Thank you For Your Sample Request Request","Thank you for your request!

We will be in touch with you as soon as possible in regards to your Essential oil needs!

&nbsp;

Thanks,

The Oily Doc",,20161003,page,http://theoilydoc.com/thank-sample-request-request/,,,,,,,publish,2,thank-sample-request-request,,page-full.php,0,0,0,closed,closed,20161003
1788,"Essential Oils 101","<h2 class=""ng-binding"">What Are Essential Oils?</h2>
<p class=""ng-binding"">If you have ever enjoyed the scent of a rose, you’ve experienced the aromatic qualities of essential oils. These naturally occurring, volatile aromatic compounds are found in the seeds, bark, stems, roots, flowers, and other parts of plants. Essential oils provide plants with protection against environmental threats and play a role in plant pollination. In addition to their intrinsic benefits to plants and being beautifully fragrant to people, essential oils have long been used for food preparation, beauty treatment, and health-care practices.</p>

<h2 class=""ng-binding"">How Do I Use Essential Oils?</h2>
<p class=""ng-binding"">Essential oils are used for a very wide range of emotional and physical wellness applications. They can be used a single oil at a time or in complex blends in one of three methods:</p>
<img class=""icon alignleft"" src=""https://www.mydoterra.com/custom/DefaultTheme/img/aromaticIcon50x50.png"" width=""74"" height=""74"" />
<h3 class=""ng-binding"">Aromatic</h3>
<p class=""ng-binding"">Certain essential oils, when diffused, can be very stimulating, while others can be calming and soothing. Diffusing essential oils can also cleanse and purify the air of unwanted odors.</p>
<img class=""icon alignleft"" src=""https://www.mydoterra.com/custom/DefaultTheme/img/topicalIcon50x50.png"" width=""75"" height=""75"" />
<h3 class=""ng-binding"">Topical</h3>
<p class=""ng-binding"">Essential oils are easily absorbed by the skin and can be safely applied topically.</p>
<img class=""icon alignleft"" src=""https://www.mydoterra.com/custom/DefaultTheme/img/internalIcon50x50.png"" width=""75"" height=""75"" />
<h3 class=""ng-binding"">Internal</h3>
<p class=""ng-binding"">Certain essential oils have a rich culinary history and can be used as dietary supplements for targeted wellness.</p>
<p class=""ng-binding"">Essential oils are both exciting and promising when it comes to taking care of your own and your family’s health. Whether you’re applying essential oils topically, enjoying the aromatic benefits through diffusing, or taking essential oils internally, the positive effects of essential oils are boundless.</p>
<p class=""ng-binding"">That’s why you’ll want to ensure that the essential oils you are using are capable of delivering on their promise. You’ll want to make sure that you are choosing essential oils for their potency and their purity.</p>


[caption id=""attachment_1789"" align=""alignnone"" width=""300""]<a href=""http://theoilydoc.com/protective-blend/ ‎""><img class=""wp-image-1789 size-medium"" src=""http://theoilydoc.com/wp-content/uploads/2017/01/15841663_10104146431649558_1662354566_n-300x225.jpg"" width=""300"" height=""225"" /></a> <a href=""http://theoilydoc.com/protective-blend/ ‎"">Protective Blend</a>[/caption]

&nbsp;

[caption id=""attachment_1790"" align=""alignnone"" width=""300""]<a href=""http://theoilydoc.com/lemon-essential-oil/""><img class=""size-medium wp-image-1790"" src=""http://theoilydoc.com/wp-content/uploads/2017/01/15871113_10104146486374888_869444029_n-300x225.jpg"" alt="""" width=""300"" height=""225"" /></a> <a href=""http://theoilydoc.com/lemon-essential-oil/"">Lemon Oil</a>[/caption]",,-00011130,page,http://theoilydoc.com/?page_id=1788,http://theoilydoc.com/wp-content/uploads/2017/01/15871113_10104146486374888_869444029_n.jpg|http://theoilydoc.com/wp-content/uploads/2017/01/15841663_10104146431649558_1662354566_n.jpg,15871113_10104146486374888_869444029_n|15841663_10104146431649558_1662354566_n,"Lemon Oil|",|,|,,draft,2,,,default,0,0,0,closed,closed,20170101
1791,"Protective Blend","<img class=""alignnone wp-image-1789 aligncenter"" src=""http://theoilydoc.com/wp-content/uploads/2017/01/15841663_10104146431649558_1662354566_n-300x225.jpg"" alt="""" width=""376"" height=""282"" />
<h1 class=""small"">dōTERRA On Guard® <span class=""scientific"">Protective Blend</span></h1>
As one of doTERRA's most popular oils, doTERRA On Guard is a powerful proprietary blend that supports healthy immune function* and contains cleansing properties.

Part Number: 31100001
Size: 15 mL
Wholesale: $32.00
Retail: $42.67
PV: 32
<div id=""resources"" class=""row"">
<div class=""col-md-5 uses""><img title="""" src=""https://doterra.com/medias/aromaticIcon.png?context=bWFzdGVyfHJvb3R8Mzg4M3xpbWFnZS9wbmd8aGM2L2hlNS84OTU0MjgxMTk3NTk4LnBuZ3wzNGY2YzNkZmEyNzYxOTRmNDE2MTU2NGVhZWNmYjYzMzQ5YzQ0OGVmN2ZiOGQzZGEwYTI2YjlkNmRiZWI5Mjlj"" data-toggle=""tooltip"" data-original-title=""Can be used aromatically"" /><img title="""" src=""https://doterra.com/medias/topicalIcon.png?context=bWFzdGVyfHJvb3R8MTUwMXxpbWFnZS9wbmd8aGM3L2g3Yy84OTU0MjgxMjMwMzY2LnBuZ3wyOGVjNjZjNjAwMjg3YWY5MGEyY2E3MWE0YjdkMzlmNzNlNzYyYjY3NmQxNDNjZDcxOWQ1OWUzYzI4YjliZDNh"" data-toggle=""tooltip"" data-original-title=""Can be used topically"" /><img title="""" src=""https://doterra.com/medias/internalIcon.png?context=bWFzdGVyfHJvb3R8MTQ1NHxpbWFnZS9wbmd8aGFiL2gwMy84OTU0MjgxMTMyMDYyLnBuZ3xhZjIzOWJiNDE3ODQyOTkxOWZjMzUyNGM0MTVmZTQ5OTQ4ZmQ3ZTA5NDkyZDVmZWRiNGM4MDFiZWNiZGI1M2Fl"" data-toggle=""tooltip"" data-original-title=""Can be used internally"" /><img title="""" src=""https://doterra.com/medias/sensitiveIcon.png?context=bWFzdGVyfHJvb3R8MTkzMHxpbWFnZS9wbmd8aDBiL2g4ZS84OTU0MjgxMjYzMTM0LnBuZ3w0M2QzNmFjOTI3MGNhNDM4NTg3MzVkY2Q1MmYxNjBjYzNhMWQyM2MxYzU5M2UyNjg2Nzg0ZmRhNDY3MGM5OThk"" data-toggle=""tooltip"" data-original-title=""Dilute for young or sensitive skin (sensitive)"" /></div>
<div class=""col-md-5 uses"">
<h2>Description</h2>
doTERRA On Guard, a proprietary essential oil blend, provides a natural and effective alternative for immune support.* As one of doTERRA’s best-selling blends, doTERRA On Guard protects against environmental and seasonal threats with essential oils known for their positive effects on the immune system.* doTERRA On Guard can be taken internally on a daily basis to maintain healthy immune function and support healthy cardiovascular function.* It can also be used on surfaces throughout the home as a non-toxic cleaner. When diffused, doTERRA On Guard helps purify the air, and can be very energizing and uplifting.
<h2>Uses</h2>
<ul>
 	<li>Add two to three drops in a veggie capsule for an immune boost.*</li>
 	<li>Add to water for an effective all-purpose surface cleaner.</li>
 	<li>Soak sliced apples in water and a few drops for a healthy, immune-boosting snack.*</li>
 	<li>Combine a few drops of doTERRA On Guard with Fractionated Coconut Oil for a natural hand cleanser.</li>
</ul>
<h2>Directions for Use</h2>
<strong>Diffusion:</strong> Use three to four drops in the diffuser of your choice.
<strong>Internal use: </strong>Dilute one drop in 4 fl. oz. of liquid.
<strong>Topical use:</strong> Apply one to two drops to desired area. Dilute with doTERRA Fractionated Coconut Oil to minimize any skin sensitivity.
<h2>Cautions</h2>
Possible skin sensitivity. Keep out of reach of children. If you are pregnant, nursing, or under a doctor’s care, consult your physician. Avoid contact with eyes, inner ears, and sensitive areas. Avoid sunlight or UV rays for up to 12 hours after applying product.

Statements with asterisks refer to internal use. All others refer to aromatic or topical use.
<h2>Primary Benefits</h2>
<ul>
 	<li>Supports healthy immune and respiratory function*</li>
 	<li>Protects against environmental threats*</li>
 	<li>Supports the body’s natural antioxidant defenses*</li>
 	<li>Promotes healthy circulation*</li>
 	<li>Energizing and uplifting aroma</li>
</ul>
<h2>Ingredients</h2>
Wild Orange Peel, Clove Bud, Cinnamon Bark/Leaf, Eucalyptus Leaf, and Rosemary Leaf/Flower essential oils.
<h2>Aromatic Description</h2>
Warm, spicy, camphoraceous, woody

</div>
</div>
&nbsp;

<img class=""alignleft wp-image-1792"" src=""http://theoilydoc.com/wp-content/uploads/2017/01/url-1-150x150.jpg"" width=""100"" height=""100"" />                  <a href=""http://theoilydoc.com/request-a-sample/""><img class=""alignleft wp-image-1793"" src=""http://theoilydoc.com/wp-content/uploads/2017/01/url-150x150.jpg"" width=""100"" height=""91"" /></a>  <a href=""https://youtu.be/pPvF54UtJLY""><img class=""alignleft wp-image-1794"" src=""http://theoilydoc.com/wp-content/uploads/2017/01/unnamed-150x150.png"" width=""100"" height=""100"" /></a>",,20170101,page,http://theoilydoc.com/?page_id=1791,http://theoilydoc.com/wp-content/uploads/2017/01/unnamed-e1483291623657.png|http://theoilydoc.com/wp-content/uploads/2017/01/url-e1483291642709.jpg|http://theoilydoc.com/wp-content/uploads/2017/01/url-1-e1483290714219.jpg,unnamed|url|url-1,||,||,||,,draft,2,protective-blend,,default,0,0,0,closed,closed,20170101
1795,"Lemon Essential Oil","<img class=""aligncenter wp-image-1790 "" src=""http://theoilydoc.com/wp-content/uploads/2017/01/15871113_10104146486374888_869444029_n-300x225.jpg"" width=""331"" height=""248"" />
<h1 class=""small"">Lemon <span class=""scientific"">Citrus limon</span></h1>
The cleansing, purifying, and invigorating properties of Lemon make it one of the most versatile oils, not to mention the top-selling essential oil that doTERRA offers.

Part Number: 30120001
Size: 15 mL
Wholesale: $10.00
Retail: $13.33
PV: 10
<div id=""resources"" class=""row"">
<div class=""col-md-5 uses""><img title="""" src=""https://doterra.com/medias/aromaticIcon.png?context=bWFzdGVyfHJvb3R8Mzg4M3xpbWFnZS9wbmd8aGM2L2hlNS84OTU0MjgxMTk3NTk4LnBuZ3wzNGY2YzNkZmEyNzYxOTRmNDE2MTU2NGVhZWNmYjYzMzQ5YzQ0OGVmN2ZiOGQzZGEwYTI2YjlkNmRiZWI5Mjlj"" data-toggle=""tooltip"" data-original-title=""Can be used aromatically"" /><img title="""" src=""https://doterra.com/medias/topicalIcon.png?context=bWFzdGVyfHJvb3R8MTUwMXxpbWFnZS9wbmd8aGM3L2g3Yy84OTU0MjgxMjMwMzY2LnBuZ3wyOGVjNjZjNjAwMjg3YWY5MGEyY2E3MWE0YjdkMzlmNzNlNzYyYjY3NmQxNDNjZDcxOWQ1OWUzYzI4YjliZDNh"" data-toggle=""tooltip"" data-original-title=""Can be used topically"" /><img title="""" src=""https://doterra.com/medias/internalIcon.png?context=bWFzdGVyfHJvb3R8MTQ1NHxpbWFnZS9wbmd8aGFiL2gwMy84OTU0MjgxMTMyMDYyLnBuZ3xhZjIzOWJiNDE3ODQyOTkxOWZjMzUyNGM0MTVmZTQ5OTQ4ZmQ3ZTA5NDkyZDVmZWRiNGM4MDFiZWNiZGI1M2Fl"" data-toggle=""tooltip"" data-original-title=""Can be used internally"" /><img title="""" src=""https://doterra.com/medias/neatIcon.png?context=bWFzdGVyfHJvb3R8MTg1OHxpbWFnZS9wbmd8aDE5L2hlYi84OTU0MjgxMjk1OTAyLnBuZ3w4YWQyMTA2MjczMGQ3MTIwNWI3MjEwNWE2Mjc4NzgzMWM4Zjg1Y2ZmZGEwZmM4NmM1ZWExZmYxZDYwMmEwNjM2"" data-toggle=""tooltip"" data-original-title=""Can be used with no dilution (neat)"" /></div>
<div class=""col-md-5 uses"">
<h2>Description</h2>
The top-selling doTERRA essential oil, Lemon has multiple benefits and uses. Lemon is a powerful cleansing agent that purifies the air and surfaces, and can be used as a non-toxic cleaner throughout the home. When added to water, Lemon provides a refreshing and healthy boost throughout the day. Lemon is frequently added to food to enhance the flavor of desserts and main dishes. Taken internally, Lemon provides cleansing and digestive benefits and supports healthy respiratory function.* When diffused, Lemon is very uplifting and energizing and has been shown to help improve mood.
<h2>Uses</h2>
<ul>
 	<li>Take internally to assist with seasonal respiratory discomfort.*</li>
 	<li>Add Lemon oil to a spray bottle of water to clean tables, countertops, and other surfaces. Lemon oil also makes a great furniture polish; simply add a few drops to olive oil to clean, protect, and shine wood finishes.</li>
 	<li>Use a cloth soaked in Lemon oil to preserve and protect your leather furniture and other leather surfaces or garments.</li>
 	<li>Lemon oil is a great remedy for the early stages of tarnish on silver and other metals.</li>
 	<li>Diffuse to create an uplifting environment.</li>
</ul>
<h2>Directions for Use</h2>
<strong>Diffusion: </strong>Use three to four drops in the diffuser of your choice.
<strong>Internal use: </strong>Dilute one drop in 4 fl. oz. of liquid.
<strong>Topical use:</strong> Apply one to two drops to desired area. Dilute with doTERRA Fractionated Coconut Oil to minimize any skin sensitivity.
<h2>Cautions</h2>
Possible skin sensitivity. Keep out of reach of children. If you are pregnant, nursing, or under a doctor’s care, consult your physician. Avoid contact with eyes, inner ears, and sensitive areas. Avoid sunlight or UV rays for up to 12 hours after applying product.

Statements with asterisks refer to internal use. All others refer to aromatic or topical use.
<h2>Primary Benefits</h2>
<ul>
 	<li>Cleanses and purifies the air and surfaces</li>
 	<li>Naturally cleanses the body and aids in digestion*</li>
 	<li>Supports healthy respiratory function*</li>
 	<li>Promotes a positive mood</li>
</ul>
<h2>Aromatic Description</h2>
Clean, fresh, citrus, bright
<h2>Collection Method</h2>
Cold Pressed/Expression
<h2>Plant Part</h2>
Lemon rinds (peel)
<h2>Main Constituents</h2>
Limonene, ß pinenes, γ-terpimene

<a href=""https://youtu.be/nm6YPHuchCk""><img class=""alignnone wp-image-1794 size-full"" src=""http://theoilydoc.com/wp-content/uploads/2017/01/unnamed-e1483291623657.png"" width=""100"" height=""100"" /></a> <a href=""http://theoilydoc.com/request-a-sample/""><img class=""alignnone wp-image-1793 size-full"" src=""http://theoilydoc.com/wp-content/uploads/2017/01/url-e1483291642709.jpg"" width=""100"" height=""91"" /></a> <img class=""alignnone size-full wp-image-1792"" src=""http://theoilydoc.com/wp-content/uploads/2017/01/url-1-e1483290714219.jpg"" alt="""" width=""100"" height=""100"" /><a href=""https://youtu.be/VlEai508pmo""><img class=""alignnone wp-image-1796 size-full"" src=""http://theoilydoc.com/wp-content/uploads/2017/01/15820119_10104146595745708_823179313_n-e1483292356255.jpg"" width=""100"" height=""100"" /></a>

</div>
</div>",,-00011130,page,http://theoilydoc.com/?page_id=1795,http://theoilydoc.com/wp-content/uploads/2017/01/15820119_10104146595745708_823179313_n-e1483292356255.jpg,15820119_10104146595745708_823179313_n,,,,,draft,2,,,default,0,0,0,closed,closed,20170101
1797,"Prize Drawing","[et_pb_section bb_built=""1"" admin_label=""section""][et_pb_row admin_label=""row"" background_position=""top_left"" background_repeat=""repeat"" background_size=""initial""][et_pb_column type=""4_4""][et_pb_text background_layout=""light"" text_orientation=""left"" border_style=""solid"" background_position=""top_left"" background_repeat=""repeat"" background_size=""initial"" _builder_version=""3.0.67""]
<h1>Please fill out the proper form(s) to get entered into this month's prize drawing.</h1>
[/et_pb_text][et_pb_gallery gallery_ids=""1862,2257"" fullwidth=""on"" show_title_and_caption=""on"" show_pagination=""on"" background_layout=""light"" auto=""on"" auto_speed=""5000"" hover_overlay_color=""rgba(255,255,255,0.9)"" border_style=""solid"" _builder_version=""3.0.67"" orientation=""landscape"" /][et_pb_text admin_label=""Form"" background_layout=""light"" text_orientation=""left"" border_style=""solid"" background_position=""top_left"" background_repeat=""repeat"" background_size=""initial"" _builder_version=""3.0.67""]
<h1><a href=""http://theoilydoc.com/125-pv-lrp-orders/"">125 PV LRP Order Entry Form</a></h1>
[/et_pb_text][et_pb_divider color=""#ffffff"" show_divider=""on"" divider_style=""solid"" divider_position=""top"" hide_on_mobile=""on"" height=""50"" /][et_pb_gallery gallery_ids=""1861,2259"" fullwidth=""on"" show_title_and_caption=""on"" show_pagination=""on"" background_layout=""light"" auto=""on"" auto_speed=""5000"" hover_overlay_color=""rgba(255,255,255,0.9)"" border_style=""solid"" _builder_version=""3.0.67"" orientation=""landscape"" /][et_pb_text background_layout=""light"" text_orientation=""left"" use_border_color=""off"" border_color=""#ffffff"" border_style=""solid"" background_position=""top_left"" background_repeat=""repeat"" background_size=""initial"" _builder_version=""3.0.67""]
<h1><a href=""http://theoilydoc.com/200-pv-lrp-orders/"">200 PV LRP order Entry Form</a></h1>
[/et_pb_text][et_pb_gallery gallery_ids=""2258"" fullwidth=""on"" show_title_and_caption=""on"" show_pagination=""on"" background_layout=""light"" auto=""on"" auto_speed=""5000"" hover_overlay_color=""rgba(255,255,255,0.9)"" border_style=""solid"" _builder_version=""3.0.67"" orientation=""landscape"" /][et_pb_text background_layout=""light"" text_orientation=""left"" border_style=""solid"" background_position=""top_left"" background_repeat=""repeat"" background_size=""initial"" _builder_version=""3.0.67""]
<h1><a href=""http://theoilydoc.com/fall-wellness-kit/"">Fall Wellness Drawing</a></h1>
[/et_pb_text][et_pb_divider color=""#ffffff"" show_divider=""on"" divider_style=""solid"" divider_position=""top"" hide_on_mobile=""on"" height=""50"" /][/et_pb_column][/et_pb_row][et_pb_row admin_label=""row"" background_position=""top_left"" background_repeat=""repeat"" background_size=""initial""][et_pb_column type=""4_4""][et_pb_text background_layout=""light"" text_orientation=""left"" border_style=""solid"" background_position=""top_left"" background_repeat=""repeat"" background_size=""initial"" _builder_version=""3.0.67""]
<h1>Please fill out the proper form(s) to get entered into this month's prize drawing.</h1>
[/et_pb_text][et_pb_gallery gallery_ids=""1862,2257"" fullwidth=""on"" show_title_and_caption=""on"" show_pagination=""on"" background_layout=""light"" auto=""on"" auto_speed=""5000"" hover_overlay_color=""rgba(255,255,255,0.9)"" border_style=""solid"" _builder_version=""3.0.67"" orientation=""landscape"" /][et_pb_text admin_label=""Form"" background_layout=""light"" text_orientation=""left"" border_style=""solid"" background_position=""top_left"" background_repeat=""repeat"" background_size=""initial"" _builder_version=""3.0.67""]
<h1><a href=""http://theoilydoc.com/125-pv-lrp-orders/"">125 PV LRP Order Entry Form</a></h1>
[/et_pb_text][et_pb_divider color=""#ffffff"" show_divider=""on"" divider_style=""solid"" divider_position=""top"" hide_on_mobile=""on"" height=""50"" /][et_pb_gallery gallery_ids=""1861,2259"" fullwidth=""on"" show_title_and_caption=""on"" show_pagination=""on"" background_layout=""light"" auto=""on"" auto_speed=""5000"" hover_overlay_color=""rgba(255,255,255,0.9)"" border_style=""solid"" _builder_version=""3.0.67"" orientation=""landscape"" /][et_pb_text background_layout=""light"" text_orientation=""left"" use_border_color=""off"" border_color=""#ffffff"" border_style=""solid"" background_position=""top_left"" background_repeat=""repeat"" background_size=""initial"" _builder_version=""3.0.67""]
<h1><a href=""http://theoilydoc.com/200-pv-lrp-orders/"">200 PV LRP order Entry Form</a></h1>
[/et_pb_text][et_pb_gallery gallery_ids=""2258"" fullwidth=""on"" show_title_and_caption=""on"" show_pagination=""on"" background_layout=""light"" auto=""on"" auto_speed=""5000"" hover_overlay_color=""rgba(255,255,255,0.9)"" border_style=""solid"" _builder_version=""3.0.67"" orientation=""landscape"" /][et_pb_text background_layout=""light"" text_orientation=""left"" border_style=""solid"" background_position=""top_left"" background_repeat=""repeat"" background_size=""initial"" _builder_version=""3.0.67""]
<h1><a href=""http://theoilydoc.com/fall-wellness-kit/"">Fall Wellness Drawing</a></h1>
[/et_pb_text][et_pb_divider color=""#ffffff"" show_divider=""on"" divider_style=""solid"" divider_position=""top"" hide_on_mobile=""on"" height=""50"" /][/et_pb_column][/et_pb_row][/et_pb_section]",,20170101,page,http://theoilydoc.com/prize-drawing/,http://theoilydoc.com/wp-content/uploads/2017/01/luxury-gift-set-prize-draw-winner-announced-validium-gCbmoy-clipart.jpg|https://s3.amazonaws.com/oilydocpodcast/wp-content/uploads/2017/01/01220208/21558762_10105097626183229_5178347583977400181_n.jpg|https://s3.amazonaws.com/oilydocpodcast/wp-content/uploads/2017/01/01215808/22141261_10208025007301880_4026040512261303652_n.jpg|https://s3.amazonaws.com/oilydocpodcast/wp-content/uploads/2017/01/01215211/21740682_10155762726024314_7143746812533334656_n.jpg|https://s3.amazonaws.com/oilydocpodcast/wp-content/uploads/2017/01/01114837/20624381_10104848989443108_2014438701_n.jpg|https://s3.amazonaws.com/oilydocpodcast/wp-content/uploads/2017/01/01120216/19691228_10104735691513068_1650193846_n.jpg|https://s3.amazonaws.com/oilydocpodcast/wp-content/uploads/2017/01/01120209/19621749_10104735691303488_355387304_n.jpg|https://s3.amazonaws.com/oilydocpodcast/wp-content/uploads/2017/01/01154922/june-200-pv-special.png|https://s3.amazonaws.com/oilydocpodcast/wp-content/uploads/2017/01/02212752/17759984_10104430087386188_2910675658443973273_n.jpg|https://s3.amazonaws.com/oilydocpodcast/wp-content/uploads/2017/01/04131925/17124796_10104339981409288_260526419_n.jpg|https://s3.amazonaws.com/oilydocpodcast/wp-content/uploads/2017/01/04000300/16806682_10104331544112698_3302759115928055221_n.jpg|https://s3.amazonaws.com/oilydocpodcast/wp-content/uploads/2017/01/04000053/17124749_10104338492433208_1250092217_n.jpg|https://s3.amazonaws.com/oilydocpodcast/wp-content/uploads/2017/01/04000046/17101803_10104338476125888_1682703819_n.jpg|http://theoilydoc.com/wp-content/uploads/2017/01/No-200PV-Drawing-this-month.png|http://theoilydoc.com/wp-content/uploads/2017/01/oct-30-2019.png|http://theoilydoc.com/wp-content/uploads/2017/01/15841190_10104146886562908_55531675_n.jpg|http://theoilydoc.com/wp-content/uploads/2017/01/15820364_10104146769437628_2112723897_n-1.jpg|http://theoilydoc.com/wp-content/uploads/2017/01/15841606_10104146827336598_199290911_n-1.jpg|http://theoilydoc.com/wp-content/uploads/2017/01/15841606_10104146827336598_199290911_n.jpg|http://theoilydoc.com/wp-content/uploads/2017/01/15871114_10104146759497548_1189623389_n.jpg|http://theoilydoc.com/wp-content/uploads/2017/01/15820364_10104146769437628_2112723897_n.jpg,"luxury-gift-set-prize-draw-winner-announced-validium-gCbmoy-clipart|21558762_10105097626183229_5178347583977400181_n|22141261_10208025007301880_4026040512261303652_n|21740682_10155762726024314_7143746812533334656_n|20624381_10104848989443108_2014438701_n|19691228_10104735691513068_1650193846_n|19621749_10104735691303488_355387304_n|june 200 pv special|17759984_10104430087386188_2910675658443973273_n|17124796_10104339981409288_260526419_n|16806682_10104331544112698_3302759115928055221_n|17124749_10104338492433208_1250092217_n|17101803_10104338476125888_1682703819_n|No 200PV Drawing this month|oct 30 2019|15841190_10104146886562908_55531675_n|15820364_10104146769437628_2112723897_n|15841606_10104146827336598_199290911_n|15841606_10104146827336598_199290911_n|15871114_10104146759497548_1189623389_n|15820364_10104146769437628_2112723897_n",||||||||||||||||||||,||||||||||||||||||||,||||||||||||||||||||,,publish,2,prize-drawing,,page-full.php,0,0,0,closed,closed,20171012
1870,"125 PV LRP ORDERS","<img class=""alignnone size-medium wp-image-1862"" src=""http://theoilydoc.com/wp-content/uploads/2017/01/17124749_10104338492433208_1250092217_n-300x300.jpg"" alt="""" width=""300"" height=""300"" />

When you place your 125PV- LRP order, by the 15th of the month, and fill out this form, you will be entered into the prize drawing.

[gravityform id=""6"" title=""true"" description=""true""]",,20170307,page,http://theoilydoc.com/125-pv-lrp-orders/,,,,,,,publish,2,125-pv-lrp-orders,,page-full.php,0,0,0,closed,closed,20170307
1871,"200 PV LRP ORDERS","<h3 class=""gform_title""><img class=""alignnone size-medium wp-image-1861"" src=""http://theoilydoc.com/wp-content/uploads/2017/01/17101803_10104338476125888_1682703819_n-300x300.jpg"" alt="""" width=""300"" height=""300"" /></h3>
<h3 class=""gform_title"">200 pv Prize Drawing</h3>
<span class=""gform_description"">When you place a 200 point order, and fill out this form, you will be entered into a prize drawing.</span>

[gravityform id=""5"" title=""true"" description=""true""]",,20170307,page,http://theoilydoc.com/200-pv-lrp-orders/,,,,,,,publish,2,200-pv-lrp-orders,,page-full.php,0,0,0,closed,closed,20170307
1905,"Prize Drawing Entry","[gravityform id=""9"" title=""false"" description=""false""]",,20170313,page,http://theoilydoc.com/win/,,,,,,,publish,2,win,,page-full.php,0,0,0,closed,closed,20170315
1913,"New Login Test","<pre><code>[wpoa_login_form design='contestEntry']</code></pre>",,20170314,page,http://theoilydoc.com/new-login-test/,,,,,,,publish,2,new-login-test,,default,0,0,0,closed,closed,20170314
2145,"Alt home","[et_pb_section admin_label=""section""][et_pb_row admin_label=""row""][et_pb_column type=""4_4""][et_pb_slider admin_label=""Slider"" show_arrows=""on"" show_pagination=""on"" auto=""off"" auto_ignore_hover=""off"" parallax=""off"" parallax_method=""off"" remove_inner_shadow=""off"" background_position=""default"" background_size=""default"" hide_content_on_mobile=""off"" hide_cta_on_mobile=""off"" show_image_video_mobile=""off"" custom_button=""off"" button_letter_spacing=""0"" button_use_icon=""default"" button_icon_placement=""right"" button_on_hover=""on"" button_letter_spacing_hover=""0""] [et_pb_slide heading=""Request A Sample"" background_image=""http://theoilydoc.com/wp-content/uploads/2016/08/essential-oils-1433694_1280.jpg"" background_position=""default"" background_size=""default"" background_color=""#ffffff"" use_bg_overlay=""on"" use_text_overlay=""on"" alignment=""center"" background_layout=""dark"" allow_player_pause=""off"" text_border_radius=""3"" header_font_select=""default"" header_font=""||||"" body_font_select=""default"" body_font=""||||"" custom_button=""off"" button_font_select=""default"" button_font=""||||"" button_use_icon=""default"" button_icon_placement=""right"" button_on_hover=""on"" button_text=""Interested in experiencing the benefits of essential oils, but want to “try before you buy”? Fill out the “request a sample” form and I will send you some oil samples so that you can experience them for yourself."" button_link=""request-a-sample/"" bg_overlay_color=""rgba(0,0,0,0.74)""] [/et_pb_slide] [/et_pb_slider][/et_pb_column][/et_pb_row][/et_pb_section]",,-00011130,page,http://theoilydoc.com/?page_id=2145,,,,,,,draft,2,,,page-full.php,0,0,0,closed,closed,20170808
2212,,"[et_pb_section fb_built=""1"" transparent_background_fb=""default"" _builder_version=""3.0.47""][et_pb_row _builder_version=""3.0.47"" background_size=""initial"" background_position=""top_left"" background_repeat=""repeat""][et_pb_column type=""4_4"" _builder_version=""3.0.67"" parallax=""off"" parallax_method=""on""][et_pb_slider _builder_version=""3.0.67"" custom_button=""on"" button_text_color=""#ffffff"" button_border_color=""#ffffff""][et_pb_slide heading=""Request A Sample"" button_text=""Read More"" button_link=""/request-a-sample/"" background_image=""http://theoilydoc.com/wp-content/uploads/2016/08/essential-oils-1433694_1280.jpg"" _builder_version=""3.0.67"" button_text_size_last_edited=""off|desktop""]

Interested in experiencing the benefits of essential oils, but want to “try before you buy”? Fill out the “request a sample” form and I will send you some oil samples so that you can experience them for yourself.

[/et_pb_slide][et_pb_slide heading=""Calendars And Events"" button_text=""Read More"" background_color=""#d6d6d6"" _builder_version=""3.0.67"" use_background_color_gradient=""on"" background_color_gradient_start=""#4b2eea"" background_color_gradient_end=""#892bd1""]

View the calendars for the upcoming events for Doterra and our team.

[/et_pb_slide][/et_pb_slider][/et_pb_column][/et_pb_row][/et_pb_section]",,-00011130,page,http://theoilydoc.com/?page_id=2212,,,,,,,draft,2,,,page-full.php,0,0,0,closed,closed,20170808
2352,"Fall Wellness Kit","<img class=""alignnone size-medium wp-image-2258"" src=""http://theoilydoc.com/wp-content/uploads/2017/01/22141261_10208025007301880_4026040512261303652_n-300x300.jpg"" alt="""" width=""300"" height=""300"" />

Enter into the drawing for our Fall Wellness Kit by ordering the new products!

[gravityform id=""11"" title=""true"" description=""true""]",,20171012,page,http://theoilydoc.com/fall-wellness-kit/,,,,,,,publish,2,fall-wellness-kit,,default,0,0,0,closed,closed,20171012
